{"cameraMode":{"drawMode":0,"name":"Shaded","section":"Shading Mode"},"sceneLighting":false,"audioPlay":false,"sceneViewState":{"m_AlwaysRefresh":false,"showFog":true,"showSkybox":false,"showFlares":true,"showImageEffects":true,"showParticleSystems":true,"showVisualEffectGraphs":true,"m_FxEnabled":true},"in2DMode":false,"pivot":{"x":-7.191664695739746,"y":-14.815878868103028,"z":117.60453796386719},"rotation":{"x":0.3145189583301544,"y":-0.07535970956087113,"z":0.02505706436932087,"w":0.9459230899810791},"size":135.86712646484376,"orthographic":false}