{"cameraMode":{"drawMode":0,"name":"Shaded","section":"Shading Mode"},"sceneLighting":true,"audioPlay":false,"sceneViewState":{"m_AlwaysRefresh":false,"showFog":true,"showSkybox":true,"showFlares":true,"showImageEffects":true,"showParticleSystems":true,"showVisualEffectGraphs":true,"m_FxEnabled":true},"in2DMode":false,"pivot":{"x":-20.917884826660158,"y":-4.246728897094727,"z":-12.934001922607422},"rotation":{"x":0.231744185090065,"y":0.032094527035951617,"z":-0.007650283165276051,"w":0.9722175002098084},"size":25.789653778076173,"orthographic":false}