{"cameraMode":{"drawMode":0,"name":"Shaded","section":"Shading Mode"},"sceneLighting":true,"audioPlay":false,"sceneViewState":{"m_AlwaysRefresh":false,"showFog":true,"showSkybox":true,"showFlares":true,"showImageEffects":true,"showParticleSystems":true,"showVisualEffectGraphs":true,"m_FxEnabled":true},"in2DMode":false,"pivot":{"x":11.012921333312989,"y":0.000025698498575366102,"z":-52.75653076171875},"rotation":{"x":0.4547017514705658,"y":0.3923436403274536,"z":-0.2332661896944046,"w":0.7647926211357117},"size":35.1639289855957,"orthographic":true}