{"cameraMode":{"drawMode":0,"name":"Shaded","section":"Shading Mode"},"sceneLighting":true,"audioPlay":false,"sceneViewState":{"m_AlwaysRefresh":false,"showFog":true,"showSkybox":true,"showFlares":true,"showImageEffects":true,"showParticleSystems":true,"showVisualEffectGraphs":true,"m_FxEnabled":true},"in2DMode":false,"pivot":{"x":0.8061632513999939,"y":-9.734384536743164,"z":98.55196380615235},"rotation":{"x":0.3353588283061981,"y":-0.008478513918817044,"z":0.003019168972969055,"w":0.9420509338378906},"size":82.7191162109375,"orthographic":false}