{"cameraMode":{"drawMode":0,"name":"Shaded","section":"Shading Mode"},"sceneLighting":true,"audioPlay":false,"sceneViewState":{"m_AlwaysRefresh":false,"showFog":true,"showSkybox":true,"showFlares":true,"showImageEffects":true,"showParticleSystems":true,"showVisualEffectGraphs":true,"m_FxEnabled":true},"in2DMode":false,"pivot":{"x":0.2887561321258545,"y":11.161234855651856,"z":-36.63567352294922},"rotation":{"x":-0.09166663140058518,"y":-0.017329160124063493,"z":0.0015953893307596446,"w":-0.995636522769928},"size":52.20223617553711,"orthographic":false}