{"cameraMode":{"drawMode":0,"name":"Shaded","section":"Shading Mode"},"sceneLighting":true,"audioPlay":false,"sceneViewState":{"m_AlwaysRefresh":false,"showFog":true,"showSkybox":true,"showFlares":true,"showImageEffects":true,"showParticleSystems":true,"showVisualEffectGraphs":true,"m_FxEnabled":true},"in2DMode":false,"pivot":{"x":-6.5000200271606449,"y":6.332054138183594,"z":48.67144012451172},"rotation":{"x":0.3355981707572937,"y":0.07900208234786987,"z":-0.028254054486751558,"w":0.9382672309875488},"size":100.62520599365235,"orthographic":false}