{"cameraMode":{"drawMode":0,"name":"Shaded","section":"Shading Mode"},"sceneLighting":true,"audioPlay":false,"sceneViewState":{"m_AlwaysRefresh":false,"showFog":true,"showSkybox":true,"showFlares":true,"showImageEffects":true,"showParticleSystems":true,"showVisualEffectGraphs":true,"m_FxEnabled":true},"in2DMode":false,"pivot":{"x":6.62282133102417,"y":14.904064178466797,"z":-45.743473052978519},"rotation":{"x":0.19488027691841126,"y":-0.17808565497398377,"z":0.03600621223449707,"w":0.9638496041297913},"size":79.12784576416016,"orthographic":true}