{"cameraMode":{"drawMode":0,"name":"Shaded","section":"Shading Mode"},"sceneLighting":true,"audioPlay":false,"sceneViewState":{"m_AlwaysRefresh":false,"showFog":true,"showSkybox":true,"showFlares":true,"showImageEffects":true,"showParticleSystems":true,"showVisualEffectGraphs":true,"m_FxEnabled":true},"in2DMode":false,"pivot":{"x":-70.17781829833985,"y":181.9113311767578,"z":191.95928955078126},"rotation":{"x":0.14487625658512116,"y":-0.03857821226119995,"z":0.005654515698552132,"w":0.9886850118637085},"size":339.86590576171877,"orthographic":false}